{
  "hash": "6547edf5",
  "configHash": "eb0c331a",
  "lockfileHash": "b3c19ab9",
  "browserHash": "d7233242",
  "optimized": {
    "@angular/common": {
      "src": "../../../../../node_modules/@angular/common/fesm2022/common.mjs",
      "file": "@angular_common.js",
      "fileHash": "3acd5fca",
      "needsInterop": false
    },
    "@angular/common/http": {
      "src": "../../../../../node_modules/@angular/common/fesm2022/http.mjs",
      "file": "@angular_common_http.js",
      "fileHash": "f578c730",
      "needsInterop": false
    },
    "@angular/core": {
      "src": "../../../../../node_modules/@angular/core/fesm2022/core.mjs",
      "file": "@angular_core.js",
      "fileHash": "3444ab0e",
      "needsInterop": false
    },
    "@angular/forms": {
      "src": "../../../../../node_modules/@angular/forms/fesm2022/forms.mjs",
      "file": "@angular_forms.js",
      "fileHash": "f1e27520",
      "needsInterop": false
    },
    "@angular/platform-browser": {
      "src": "../../../../../node_modules/@angular/platform-browser/fesm2022/platform-browser.mjs",
      "file": "@angular_platform-browser.js",
      "fileHash": "29fb6002",
      "needsInterop": false
    },
    "@angular/router": {
      "src": "../../../../../node_modules/@angular/router/fesm2022/router.mjs",
      "file": "@angular_router.js",
      "fileHash": "a29f6ae2",
      "needsInterop": false
    },
    "rxjs": {
      "src": "../../../../../node_modules/rxjs/dist/esm5/index.js",
      "file": "rxjs.js",
      "fileHash": "9f82d770",
      "needsInterop": false
    },
    "sweetalert2": {
      "src": "../../../../../node_modules/sweetalert2/dist/sweetalert2.esm.all.js",
      "file": "sweetalert2.js",
      "fileHash": "31c75ee5",
      "needsInterop": false
    }
  },
  "chunks": {
    "chunk-GXBSKQQB": {
      "file": "chunk-GXBSKQQB.js"
    },
    "chunk-IJDVPSPJ": {
      "file": "chunk-IJDVPSPJ.js"
    },
    "chunk-U426TETJ": {
      "file": "chunk-U426TETJ.js"
    },
    "chunk-OCQQPHNC": {
      "file": "chunk-OCQQPHNC.js"
    },
    "chunk-FDESMX7I": {
      "file": "chunk-FDESMX7I.js"
    },
    "chunk-WDMUDEB6": {
      "file": "chunk-WDMUDEB6.js"
    }
  }
}